Date,Revenue,Month,DayOfWeek,Lag1,Rolling7
2024-01-07,4986.678107080001,1,6,6881.55821928,5679.773875051428
2024-01-08,4485.67316013,1,0,4986.678107080001,5565.058815407143
2024-01-09,4264.77168959,1,1,4485.67316013,5547.680930847143
2024-01-10,6070.93572218,1,2,4264.77168959,5768.618794872857
2024-01-11,5517.33319656,1,3,6070.93572218,5662.830559118572
2024-01-12,4553.64237344,1,4,5517.33319656,5251.513209751429
2024-01-13,863.60113528,1,5,4553.64237344,4391.805054894286
2024-01-14,1629.0758707,1,6,863.60113528,3912.147592554286
2024-01-15,753.33188382,1,0,1629.0758707,3378.9559816528567
2024-01-16,994.7919015,1,1,753.33188382,2911.8160119257145
2024-01-17,1110.0866995,1,2,994.7919015,2203.1232944
2024-01-18,2011.5626539,1,3,1110.0866995,1702.2989311628571
2024-01-19,4387.66569356,1,4,2011.5626539,1678.5879768942857
2024-01-20,1979.3010999,1,5,4387.66569356,1837.9736861257145
2024-01-21,1335.90844995,1,6,1979.3010999,1796.0926260185715
2024-01-22,2636.12730578,1,0,1335.90844995,2065.0634005842862
2024-01-23,741.61066003,1,1,2636.12730578,2028.8946518028572
2024-01-24,476.69248387,1,2,741.61066003,1938.4097638557143
2024-01-25,2127.78868048,1,3,476.69248387,1955.0134819385714
2024-01-26,4349.5379976,1,4,2127.78868048,1949.56666823
2024-01-27,10808.41928356,1,5,4349.5379976,3210.8692658957143
2024-01-28,7596.43836215,1,6,10808.41928356,4105.230681924286
2024-01-29,10635.48426332,1,0,7596.43836215,5247.995961572858
2024-01-30,8800.45949376,1,1,10635.48426332,6399.260080677143
2024-01-31,12061.97877231,1,2,8800.45949376,8054.300979025715
2024-02-01,15336.75216185,2,3,12061.97877231,9941.295762078573
2024-02-02,11804.75839241,2,4,15336.75216185,11006.32724705143
2024-02-03,12387.31254048,2,5,11804.75839241,11231.883426611428
2024-02-04,11157.88952079,2,6,12387.31254048,11740.66216356
2024-02-05,12737.00791551,2,0,11157.88952079,12040.879828158571
2024-02-06,7299.86073019,2,1,12737.00791551,11826.508576220001
2024-02-07,10452.8824035,2,2,7299.86073019,11596.637666390001
2024-02-08,6393.63567583,2,3,10452.8824035,10319.049596958572
2024-02-09,5078.95673557,2,4,6393.63567583,9358.220788838571
2024-02-10,6361.93988575,2,5,5078.95673557,8497.453266734286
2024-02-11,4473.649820029999,2,6,6361.93988575,7542.5618809114285
2024-02-12,6065.54320399,2,0,4473.649820029999,6589.495493551428
2024-02-13,3908.23744844,2,1,6065.54320399,6104.977881872856
2024-02-14,4254.07691774,2,2,3908.23744844,5219.43424105
2024-02-15,6370.49806157,2,3,4254.07691774,5216.128867584286
2024-02-16,5191.86948318,2,4,6370.49806157,5232.2592601
2024-02-17,5615.82749997,2,5,5191.86948318,5125.671776417143
2024-02-18,6154.38422436,2,6,5615.82749997,5365.776691321428
2024-02-19,6507.79789277,2,0,6154.38422436,5428.9559325757145
2024-02-20,5390.56343557,2,1,6507.79789277,5640.716787880001
2024-02-21,6422.805408929999,2,2,5390.56343557,5950.535143764287
2024-02-22,6275.55061293,2,3,6422.805408929999,5936.97122253
2024-02-23,4592.19851379,2,4,6275.55061293,5851.303941188571
2024-02-24,3800.15799033,2,5,4592.19851379,5591.922582668572
2024-02-25,4182.00349722,2,6,3800.15799033,5310.153907362857
2024-02-26,5711.1774948600005,2,0,4182.00349722,5196.350993375714
2024-02-27,6407.1229855,2,1,5711.1774948600005,5341.573786222857
2024-02-28,2527.9605234,2,2,6407.1229855,4785.167374004285
2024-02-29,5220.80096671,2,3,2527.9605234,4634.488853115715
2024-03-01,2963.5568668,3,4,5220.80096671,4401.825760688572
2024-03-02,4209.8730046,3,5,2963.5568668,4460.356477012857
2024-03-03,3561.60802887,3,6,4209.8730046,4371.728552962857
2024-03-04,2920.1337737,3,0,3561.60802887,3973.0080213685715
2024-03-05,5197.59890675,3,1,2920.1337737,3800.218867261429
2024-03-06,5537.01974098,3,2,5197.59890675,4230.084469772858
2024-03-07,5978.4102633,3,3,5537.01974098,4338.314369285714
2024-03-08,6786.48756596,3,4,5978.4102633,4884.447326308572
2024-03-09,4990.80638674,3,5,6786.48756596,4996.009238042857
2024-03-10,3680.60122349,3,6,4990.80638674,5013.008265845715
2024-03-11,4235.37925653,3,0,3680.60122349,5200.900477678571
2024-03-12,5286.84535068,3,1,4235.37925653,5213.649969668571
2024-03-13,5015.5937229500005,3,2,5286.84535068,5139.160538521428
2024-03-14,4809.46277888,3,3,5015.5937229500005,4972.168040747143
2024-03-15,5618.38230408,3,4,4809.46277888,4805.295860478572
2024-03-16,5781.94664579,3,5,5618.38230408,4918.315897485714
2024-03-17,6214.617104020001,3,6,5781.94664579,5280.318166132857
2024-03-18,4809.7686984,3,0,6214.617104020001,5362.373800685715
2024-03-19,5340.01222718,3,1,4809.7686984,5369.969068757143
2024-03-20,5393.32875798,3,2,5340.01222718,5423.931216618571
2024-03-21,7604.06397696,3,3,5393.32875798,5823.159959201429
2024-03-22,9214.67490783,3,4,7604.06397696,6336.9160454514285
2024-03-23,6298.21798697,3,5,9214.67490783,6410.669094191429
2024-03-24,8280.191071430001,3,6,6298.21798697,6705.751089535714
2024-03-25,4198.03485742,3,0,8280.191071430001,6618.3605408242865
2024-03-26,5395.60034582,3,1,4198.03485742,6626.301700630001
2024-03-27,3855.16458529,3,2,5395.60034582,6406.5639616742865
2024-03-28,2414.21502494,3,3,3855.16458529,5665.156968528572
2024-03-29,3350.13545862,3,4,2414.21502494,4827.365618641429
2024-03-30,2243.88061941,3,5,3350.13545862,4248.174566132858
2024-03-31,2485.20461929,3,6,2243.88061941,3420.319358684286
2024-04-01,2479.68230377,4,0,2485.20461929,3174.8404224485716
2024-04-02,5175.90736942,4,1,2479.68230377,3143.455711534286
2024-04-03,2158.39446591,4,2,5175.90736942,2901.059980194286
2024-04-04,3266.92635442,4,3,2158.39446591,3022.8758844057143
2024-04-05,4064.68064083,4,4,3266.92635442,3124.9537675785714
2024-04-06,4194.82006596,4,5,4064.68064083,3403.6594028
2024-04-07,5222.02684627,4,6,4194.82006596,3794.6340066542857
2024-04-08,3804.56300301,4,0,5222.02684627,3983.9026779742853
2024-04-09,3359.69111866,4,1,3804.56300301,3724.4432135799993
2024-04-10,2998.5642664,4,2,3359.69111866,3844.4674707928566
2024-04-11,5435.5651154,4,3,2998.5642664,4154.273008075715
2024-04-12,3593.16314782,4,4,5435.5651154,4086.913366217143
2024-04-13,2313.16795768,4,5,3593.16314782,3818.105922177143
2024-04-14,3041.09106595,4,6,2313.16795768,3506.5436678457145
2024-04-15,3619.70144291,4,0,3041.09106595,3480.134873545714
2024-04-16,5285.1715220900005,4,1,3619.70144291,3755.203502607143
2024-04-17,6222.20746728,4,2,5285.1715220900005,4215.723959875714
2024-04-18,5239.94984897,4,3,6222.20746728,4187.778921814285
2024-04-19,4239.66974609,4,4,5239.94984897,4280.137007281429
2024-04-20,3660.90093392,4,5,4239.66974609,4472.6702896014285
2024-04-21,5065.90177993,4,6,3660.90093392,4761.928963027143
2024-04-22,6059.59516671,4,0,5065.90177993,5110.485209284286
2024-04-23,4841.17624553,4,1,6059.59516671,5047.057312632857
2024-04-24,6327.82790294,4,2,4841.17624553,5062.145946298571
2024-04-25,3947.70397985,4,3,6327.82790294,4877.539393567144
2024-04-26,3002.802391,4,4,3947.70397985,4700.844057125714
2024-04-27,3978.13606337,4,5,3002.802391,4746.163361332858
2024-04-28,5513.56644192,4,6,3978.13606337,4810.115455902857
2024-04-29,5718.08609531,4,0,5513.56644192,4761.328445702858
2024-04-30,3884.66845522,4,1,5718.08609531,4624.6844756585715
2024-05-01,5400.84992155,5,2,3884.66845522,4492.259049745714
2024-05-02,5025.22018417,5,3,5400.84992155,4646.189936077143
2024-05-03,4188.75711085,5,4,5025.22018417,4815.612038912857
2024-05-04,5060.81817976,5,5,4188.75711085,4970.280912682857
2024-05-05,4967.21823337,5,6,5060.81817976,4892.231168604286
2024-05-06,3813.86538912,5,0,4967.21823337,4620.199639148572
2024-05-07,5766.70598518,5,1,3813.86538912,4889.062143428571
2024-05-08,5972.56732316,5,2,5766.70598518,4970.736057944286
2024-05-09,4441.89094554,5,3,5972.56732316,4887.403309568572
2024-05-10,3139.66222659,5,4,4441.89094554,4737.532611817143
2024-05-11,4442.63665549,5,5,3139.66222659,4649.220965492857
2024-05-12,4635.08205615,5,6,4442.63665549,4601.772940175714
2024-05-13,6762.30384626,5,0,4635.08205615,5022.978434052857
2024-05-14,3634.57097981,5,1,6762.30384626,4718.387718999999
2024-05-15,4985.88185636,5,2,3634.57097981,4577.432652314285
2024-05-16,3729.2865032,5,3,4985.88185636,4475.632017694285
2024-05-17,3283.6167765,5,4,3729.2865032,4496.196953395714
2024-05-18,2988.67491103,5,5,3283.6167765,4288.488132758571
2024-05-19,2693.4340449200004,5,6,2988.67491103,4011.1098454400003
2024-05-20,5760.19033823,5,0,2693.4340449200004,3867.9507728642857
2024-05-21,2449.0328906,5,1,5760.19033823,3698.5881886914285
2024-05-22,310.43278943,5,2,2449.0328906,3030.666893415714
2024-05-23,340.33,5,3,310.43278943,2546.530250101429
2024-05-24,820.06132129,5,4,340.33,2194.5937565
2024-05-25,163.74263184,5,5,820.06132129,1791.0320023299998
2024-05-26,143.12756054,5,6,163.74263184,1426.7025045614287
2024-05-27,362.78917045,5,0,143.12756054,655.6451948785715
2024-05-28,298.45177855000003,5,1,362.78917045,348.41932172857145
2024-05-29,655.02934015,5,2,298.45177855000003,397.64740040285716
2024-05-30,457.13090769,5,3,655.02934015,414.33324435857145
2024-05-31,1421.7894067,5,4,457.13090769,500.2943994171428
2024-06-01,2758.92218693,6,5,1421.7894067,871.0343358585714
2024-06-02,4803.51065806,6,6,2758.92218693,1536.80334979
2024-06-03,3262.02900067,6,0,4803.51065806,1950.9804683928573
2024-06-04,4117.77974754,6,1,3262.02900067,2496.5987496771427
2024-06-05,2314.26077929,6,2,4117.77974754,2733.631812411429
2024-06-06,3021.53281005,6,3,2314.26077929,3099.97494132
2024-06-07,3774.43206046,6,4,3021.53281005,3436.066749
2024-06-08,4142.69941313,6,5,3774.43206046,3633.749209885714
2024-06-09,4421.38333018,6,6,4142.69941313,3579.1595916171427
2024-06-10,4198.37059357,6,0,4421.38333018,3712.9226763171428
2024-06-11,2721.0569323100003,6,1,4198.37059357,3513.39084557
2024-06-12,3124.763887,6,2,2721.0569323100003,3629.177003814286
2024-06-13,2343.48278093,6,3,3124.763887,3532.31271394
2024-06-14,3314.93521041,6,4,2343.48278093,3466.6703067900003
2024-06-15,3735.01411639,6,5,3314.93521041,3408.429550112857
2024-06-16,4047.51081483,6,6,3735.01411639,3355.019190777143
2024-06-17,2801.86875003,6,0,4047.51081483,3155.518927414286
2024-06-18,1933.21152035,6,1,2801.86875003,3042.9695828485715
2024-06-19,3936.80156687,6,2,1933.21152035,3158.9749656871427
2024-06-20,5081.1278904,6,3,3936.80156687,3550.0671241828572
2024-06-21,2852.81456286,6,4,5081.1278904,3484.0498888185716
2024-06-22,3899.30309735,6,5,2852.81456286,3507.5197432414284
2024-06-23,4117.16230602,6,6,3899.30309735,3517.4699562685714
2024-06-24,1456.834512,6,0,4117.16230602,3325.3222079785714
2024-06-25,2319.88818106,6,1,1456.834512,3380.5617309371432
2024-06-26,2788.44664125,6,2,2319.88818106,3216.511027277143
2024-06-27,7836.645847569999,6,3,2788.44664125,3610.1564497299996
2024-06-28,3751.98823641,6,4,7836.645847569999,3738.6098316657144
2024-06-29,4286.03507929,6,5,3751.98823641,3793.857257657143
2024-06-30,3948.76024974,6,6,4286.03507929,3769.7998210457145
2024-07-01,4653.1192,7,0,3948.76024974,4226.411919331428
2024-07-02,4059.81792797,7,1,4653.1192,4474.973311747142
2024-07-03,3675.6727787,7,2,4059.81792797,4601.719902811428
2024-07-04,2616.96833695,7,3,3675.6727787,3856.051687008571
2024-07-05,9437.2066568,7,4,2616.96833695,4668.225747064285
2024-07-06,3483.89871471,7,5,9437.2066568,4553.634837838571
2024-07-07,7087.93058617,7,6,3483.89871471,5002.087743042857
2024-07-08,13650.07175927,7,0,7087.93058617,6287.366680081429
2024-07-09,4315.61587142,7,1,13650.07175927,6323.909243431429
2024-07-10,6495.97772092,7,2,4315.61587142,6726.809949462857
2024-07-11,6184.35764824,7,3,6495.97772092,7236.436993932858
2024-07-12,4436.58339065,7,4,6184.35764824,6522.062241625715
2024-07-13,3191.2282518600005,7,5,4436.58339065,6480.252175504285
2024-07-14,4045.1406429,7,6,3191.2282518600005,6045.567897894286
2024-07-15,2153.893322,7,0,4045.1406429,4403.25669257
2024-07-16,2887.49606271,7,1,2153.893322,4199.23957704
2024-07-17,3431.17091264,7,2,2887.49606271,3761.410033
2024-07-18,2454.21986217,7,3,3431.17091264,3228.5332064185714
2024-07-19,2244.8577,7,4,2454.21986217,2915.4295363257143
2024-07-20,3397.4430244,7,5,2244.8577,2944.8887895457146
2024-07-21,3065.66678229,7,6,3397.4430244,2804.9639523157143
2024-07-22,2953.09013009,7,0,3065.66678229,2919.1349249
2024-07-23,6300.70733664,7,1,2953.09013009,3406.736535461429
2024-07-24,3059.162456,7,2,6300.70733664,3353.592470227143
2024-07-25,2340.87175781,7,3,3059.162456,3337.3998838899997
2024-07-26,4653.11672088,7,4,2340.87175781,3681.436886872857
2024-07-27,3505.683596,7,5,4653.11672088,3696.899825672857
2024-07-28,2936.848829,7,6,3505.683596,3678.4972609171427
2024-07-29,5711.69603874,7,0,2936.848829,4072.583819295714
2024-07-30,3831.99586066,7,1,5711.69603874,3719.9107512985715
2024-07-31,6455.74757656,7,2,3831.99586066,4205.137197092858
2024-08-01,4503.88151936,8,3,6455.74757656,4514.138591600001
2024-08-02,5346.562161600001,8,4,4503.88151936,4613.202225988572
2024-08-03,3626.79543652,8,5,5346.562161600001,4630.503917491429
2024-08-04,3922.0215802,8,6,3626.79543652,4771.242881948572
2024-08-05,6769.32637918,8,0,3922.0215802,4922.332930582857
2024-08-06,4753.081278,8,1,6769.32637918,5053.9165616314285
2024-08-07,3893.9121288,8,2,4753.081278,4687.940069094286
2024-08-08,3151.9334802000003,8,3,3893.9121288,4494.804634928571
2024-08-09,4086.52612306,8,4,3151.9334802000003,4314.799486565715
2024-08-10,4939.466675199999,8,5,4086.52612306,4502.3239492342855
2024-08-11,5795.13713102,8,6,4939.466675199999,4769.911885065715
2024-08-12,4638.3089695,8,0,5795.13713102,4465.48082654
2024-08-13,3617.218593,8,1,4638.3089695,4303.214728682857
2024-08-14,3609.83898846,8,2,3617.218593,4262.6328514914285
2024-08-15,3468.58792004,8,3,3609.83898846,4307.86920004
2024-08-16,2088.56785888,8,4,3468.58792004,4022.4465908714287
2024-08-17,2255.842387,8,5,2088.56785888,3639.0716925571433
2024-08-18,3225.88225825,8,6,2255.842387,3272.0352821614288
2024-08-19,3370.2529554,8,0,3225.88225825,3090.8844230042855
2024-08-20,7848.885580159999,8,1,3370.2529554,3695.4082783128574
2024-08-21,5476.44432151,8,2,7848.885580159999,3962.066183034286
2024-08-22,3192.16283105,8,3,5476.44432151,3922.5768846071433
2024-08-23,2387.64254,8,4,3192.16283105,3965.301839052857
2024-08-24,6427.14688794,8,5,2387.64254,4561.202482044286
2024-08-25,3996.39314402,8,6,6427.14688794,4671.275465725715
2024-08-26,4690.61028703,8,0,3996.39314402,4859.897941672857
2024-08-27,9346.79407483,8,1,4690.61028703,5073.884869482857
2024-08-28,7280.61928665,8,2,9346.79407483,5331.624150217142
2024-08-29,10479.88455978,8,3,7280.61928665,6372.7272543214285
2024-08-30,6244.958837579999,8,4,10479.88455978,6923.772439689999
2024-08-31,9161.4242408,8,5,6244.958837579999,7314.38349009857
2024-09-01,8682.398451179999,9,6,9161.4242408,7983.812819692857
2024-09-02,8067.17553726,9,0,8682.398451179999,8466.179284011429
2024-09-03,7559.88370337,9,1,8067.17553726,8210.906373802856
2024-09-04,5919.76908936,9,2,7559.88370337,8016.499202761428
2024-09-05,3881.3212664,9,3,5919.76908936,7073.847303707143
2024-09-06,5970.6211920000005,9,4,3881.3212664,7034.656211481429
2024-09-07,3941.55737948,9,5,5970.6211920000005,6288.960945578571
2024-09-08,7257.035851000001,9,6,3941.55737948,6085.3377169814285
2024-09-09,3910.64613346,9,0,7257.035851000001,5491.547802152857
2024-09-10,4329.92242095,9,1,3910.64613346,5030.124761807143
2024-09-11,6135.618771,9,2,4329.92242095,5060.960430612858
2024-09-12,11504.8921642,9,3,6135.618771,6150.041987441428
2024-09-13,9396.9414102,9,4,11504.8921642,6639.516304327143
2024-09-14,6241.1318153,9,5,9396.9414102,6968.026938015714
2024-09-15,7353.7456658,9,6,6241.1318153,6981.842625844286
2024-09-16,6623.5977162,9,0,7353.7456658,7369.407137664285
2024-09-17,6815.83843,9,1,6623.5977162,7724.5379961
2024-09-18,3587.832731,9,2,6815.83843,7360.568561814286
2024-09-19,6356.6728717000005,9,3,3587.832731,6625.108662885715
2024-09-20,5388.65806125,9,4,6356.6728717000005,6052.496755892857
2024-09-21,3098.998515,9,5,5388.65806125,5603.620570135715
2024-09-22,6500.4024388,9,6,3098.998515,5481.71439485
2024-09-23,7145.051450999999,9,0,6500.4024388,5556.207785535714
2024-09-24,4262.96358617,9,1,7145.051450999999,5191.511379274286
2024-09-25,2439.4476724,9,2,4262.96358617,5027.456370902858
2024-09-26,4245.292269099999,9,3,2439.4476724,4725.830570531429
2024-09-27,5738.2510433,9,4,4245.292269099999,4775.77242511
2024-09-28,4589.6219694,9,5,5738.2510433,4988.718632881428
2024-09-29,6864.6018504,9,6,4589.6219694,5040.747120252857
2024-09-30,6872.852129,9,0,6864.6018504,5001.861502824286
2024-10-01,7444.56308394,10,1,6872.852129,5456.375716791428
2024-10-02,8476.474049,10,2,7444.56308394,6318.808056305715
2024-10-03,8849.5937235,10,3,8476.474049,6976.565406934286
2024-10-04,8384.6488664,10,4,8849.5937235,7354.622238805715
2024-10-05,11599.3044812,10,5,8384.6488664,8356.005454777143
2024-10-06,14924.46074421,10,6,11599.3044812,9507.413868178572
2024-10-07,12146.40130409,10,0,14924.46074421,10260.778036048572
2024-10-08,8654.69902239,10,1,12146.40130409,10433.654598684287
2024-10-09,11158.734458,10,2,8654.69902239,10816.834657112859
2024-10-10,7971.30096953,10,3,11158.734458,10691.364263688572
2024-10-11,11232.00959235,10,4,7971.30096953,11098.130081681427
2024-10-12,11815.57485736,10,5,11232.00959235,11129.025849704285
2024-10-13,9465.7334904,10,6,11815.57485736,10349.20767058857
2024-10-14,8194.14116582,10,0,9465.7334904,9784.599079407142
2024-10-15,8320.19527196,10,1,8194.14116582,9736.812829345714
2024-10-16,7485.60209296,10,2,8320.19527196,9212.07963434
2024-10-17,8592.82541896,10,3,7485.60209296,9300.868841401429
2024-10-18,8702.5697258,10,4,8592.82541896,8939.520289037142
2024-10-19,8902.980159,10,5,8702.5697258,8523.43533212857
2024-10-20,10885.55913832,10,6,8902.980159,8726.267567545714
2024-10-21,8862.37595081,10,0,10885.55913832,8821.729679687143
2024-10-22,9321.33375219,10,1,8862.37595081,8964.749462577143
2024-10-23,12403.75566108,10,2,9321.33375219,9667.342829451429
2024-10-24,11348.72357929,10,3,12403.75566108,10061.042566641428
2024-10-25,10270.29514845,10,4,11348.72357929,10285.003341305714
2024-10-26,11702.37258955,10,5,10270.29514845,10684.91654567
2024-10-27,7353.58978548,10,6,11702.37258955,10180.349495264285
2024-10-28,7561.63942883,10,0,7353.58978548,9994.529992124286
2024-10-29,10470.01345137,10,1,7561.63942883,10158.627092007142
2024-10-30,9344.81977539,10,2,10470.01345137,9721.636251194286
2024-10-31,6301.97024143,10,3,9344.81977539,9000.671488642856
2024-11-01,26550.09147517,11,4,6301.97024143,11326.356678174285
2024-11-02,9968.3922487,11,5,26550.09147517,11078.645200910001
2024-11-03,13179.24800772,11,6,9968.3922487,11910.882089801427
2024-11-04,12247.09859596,11,0,13179.24800772,12580.233399391427
2024-11-05,11298.93445584,11,1,12247.09859596,12698.650685744286
2024-11-06,8312.43625194,11,2,11298.93445584,12551.16732525143
2024-11-07,12587.8824571,11,3,8312.43625194,13449.154784632858
2024-11-08,13134.79364221,11,4,12587.8824571,11532.683665638571
2024-11-09,14364.43378421,11,5,13134.79364221,12160.689599282856
2024-11-10,21253.90820096,11,6,14364.43378421,13314.21248403143
2024-11-11,22448.41990348,11,0,21253.90820096,14771.544099391427
2024-11-12,26118.4718087,11,1,22448.41990348,16888.620864085715
2024-11-13,23274.37890147,11,2,26118.4718087,19026.04124259
2024-11-14,17488.69668312,11,3,23274.37890147,19726.15756059286
2024-11-15,33003.59844265,11,4,17488.69668312,22564.55824637
2024-11-16,41574.97498904,11,5,33003.59844265,26451.77841848857
2024-11-17,39447.62397370001,11,6,41574.97498904,29050.88067173714
2024-11-18,45834.597553290005,11,0,39447.62397370001,32391.763193138573
2024-11-19,51564.69890131,11,1,45834.597553290005,36026.93849208286
2024-11-20,59012.71631724,11,2,51564.69890131,41132.415265764284
2024-11-21,53439.43884132,11,3,59012.71631724,46268.23557407858
2024-11-22,60846.65809828,11,4,53439.43884132,50245.81552488286
2024-11-23,76660.50459564,11,5,60846.65809828,55258.03404011143
2024-11-24,89954.19774999,11,6,76660.50459564,62473.25886529571
2024-11-25,101576.17178405,11,0,89954.19774999,70436.34089826143
2024-11-26,84641.27016117,11,1,101576.17178405,75161.56536395571
2024-11-27,85274.89081108,11,2,84641.27016117,78913.30457736143
2024-11-28,85034.53347902,11,3,85274.89081108,83426.88952560429
2024-11-29,166067.21961134,11,4,85034.53347902,98458.39831318428
2024-11-30,75817.95507499001,11,5,166067.21961134,98338.03409594858
2024-12-01,90497.80687595,12,6,75817.95507499001,98415.69254251428
2024-12-02,136954.1859271,12,0,90497.80687595,103469.69456295001
2024-12-03,51679.76036282,12,1,136954.1859271,98760.9074489
2024-12-04,47048.9081029,12,2,51679.76036282,93300.05277630287
2024-12-05,78157.03173634999,12,3,47048.9081029,92317.55252735001
2024-12-06,97989.94602473,12,4,78157.03173634999,82592.22772926287
2024-12-07,80654.9468842,12,5,97989.94602473,83283.22655915
2024-12-08,84935.85591683,12,6,80654.9468842,82488.66213641858
2024-12-09,60278.58970181,12,0,84935.85591683,71535.00553280572
2024-12-10,54661.63278654,12,1,60278.58970181,71960.98730762287
2024-12-11,59042.84832042,12,2,54661.63278654,73674.40733869714
2024-12-12,56337.2368236,12,3,59042.84832042,70557.29377973286
2024-12-13,63471.49847362,12,4,56337.2368236,65626.08698671714
2024-12-14,55525.80305783,12,5,63471.49847362,62036.20929723571
2024-12-15,67800.43668388,12,6,55525.80305783,59588.29226395715
2024-12-16,43528.58803512,12,0,67800.43668388,57195.43488300143
2024-12-17,31156.01550777,12,1,43528.58803512,53837.48955746286
2024-12-18,20076.95676024,12,2,31156.01550777,48270.93362029429
2024-12-19,22572.1563491,12,3,20076.95676024,43447.35069536571
2024-12-20,33216.744368,12,4,22572.1563491,39125.242965991434
2024-12-21,30411.9964584,12,5,33216.744368,35537.55630893
2024-12-22,23100.198573,12,6,30411.9964584,29151.808007375716
2024-12-23,15996.048917,12,0,23100.198573,25218.58813335857
2024-12-24,14634.45663719,12,1,15996.048917,22858.36543756143
2024-12-25,14823.59904525,12,2,14634.45663719,22107.885763991428
2024-12-26,19609.4427402,12,3,14823.59904525,21684.64096272
2024-12-27,18648.98418501,12,4,19609.4427402,19603.53236515
2024-12-28,12308.393091,12,5,18648.98418501,17017.303312664288
2024-12-29,12670.1419488,12,6,12308.393091,15527.295223492856
2024-12-30,9597.57533756,12,0,12670.1419488,14613.227569287144
2024-12-31,9412.60727731,12,1,9597.57533756,13867.249089304287
2025-01-01,7436.281922399999,1,2,9412.60727731,12811.918071754288
2025-01-02,7342.023559,1,3,7436.281922399999,11059.42961729714
2025-01-03,4995.06063,1,4,7342.023559,9108.86910943857
2025-01-04,6531.08307,1,5,4995.06063,8283.539106438571
2025-01-05,8068.9130826,1,6,6531.08307,7626.220696981428
2025-01-06,7567.08334611,1,0,8068.9130826,7336.150412488571
2025-01-07,25394.76782231,1,1,7567.08334611,9619.316204631428
2025-01-08,28674.2768928,1,2,25394.76782231,12653.315486117144
2025-01-09,14958.996164,1,3,28674.2768928,13741.45442968857
2025-01-10,11404.18338887,1,4,14958.996164,14657.04339524143
2025-01-11,9524.06299931,1,5,11404.18338887,15084.61195657143
2025-01-12,10472.629201,1,6,9524.06299931,15427.999973485716
2025-01-13,9841.310948,1,0,10472.629201,15752.889630898573
2025-01-14,6927.463219,1,1,9841.310948,13114.703258997144
2025-01-15,3659.6190448,1,2,6927.463219,9541.180709282857
2025-01-16,4940.2474010000005,1,3,3659.6190448,8109.930885997143
2025-01-17,3764.8206087,1,4,4940.2474010000005,7018.593345972857
2025-01-18,3269.425713,1,5,3764.8206087,6125.0737336428565
2025-01-19,6557.404829,1,6,3269.425713,5565.755966214287
2025-01-20,2856.484745,1,0,6557.404829,4567.9236515
2025-01-21,3508.4817088,1,1,2856.484745,4079.4977214714286
2025-01-22,5507.5540772,1,2,3508.4817088,4343.488440385714
2025-01-23,11925.8829771,1,3,5507.5540772,5341.436379828571
2025-01-24,10381.3879581,1,4,11925.8829771,6286.660286885714
2025-01-25,6195.629263,1,5,10381.3879581,6704.689365457144
2025-01-26,9320.7774902,1,6,6195.629263,7099.456888485714
2025-01-27,3644.910768,1,0,9320.7774902,7212.089177485715
2025-01-28,4626.747602,1,1,3644.910768,7371.841447942857
2025-01-29,8222.01560861,1,2,4626.747602,7759.621666715715
2025-01-30,3753.569827,1,3,8222.01560861,6592.148359558572
2025-01-31,6376.911259,1,4,3753.569827,6020.080259687143
2025-02-01,6750.51851936,2,5,6376.911259,6099.350153452857
2025-02-02,7068.6874342,2,6,6750.51851936,5777.623002595714
2025-02-03,10660.748854,2,0,7068.6874342,6779.885586310001
2025-02-04,8202.447664000001,2,1,10660.748854,7290.699880881429
2025-02-05,10725.087582,2,2,8202.447664000001,7648.281591365713
2025-02-06,18522.06305172,2,3,10725.087582,9758.066337754284
2025-02-07,11312.137797,2,4,18522.06305172,10463.098700325714
2025-02-08,8759.8479576,2,5,11312.137797,10750.14576293143
2025-02-09,9671.0771414,2,6,8759.8479576,11121.915721102856
2025-02-10,7206.5017472,2,0,9671.0771414,10628.451848702858
2025-02-11,9563.6579689,2,1,7206.5017472,10822.910463688571
2025-02-12,13391.8347166,2,2,9563.6579689,11203.874340060001
2025-02-13,13569.275425,2,3,13391.8347166,10496.33325052857
2025-02-14,12926.4866139,2,4,13569.275425,10726.954510085712
2025-02-15,8419.3127554,2,5,12926.4866139,10678.306624057144
2025-02-16,10343.03699063,2,6,8419.3127554,10774.300888232858
2025-02-17,7574.0718195,2,0,10343.03699063,10826.810898561427
2025-02-18,11079.4591594,2,1,7574.0718195,11043.353925775713
2025-02-19,8959.104724,2,2,11079.4591594,10410.106783975714
2025-02-20,4989.2500605000005,2,3,8959.104724,9184.38887476143
2025-02-21,3798.61875318,2,4,4989.2500605000005,7880.407751801428
2025-02-22,7917.799558400001,2,5,3798.61875318,7808.763009372858
2025-02-23,6306.5033045,2,6,7917.799558400001,7232.115339925715
2025-02-24,3523.19808431,2,0,6306.5033045,6653.4190920414285
2025-02-25,4091.462516,2,1,3523.19808431,5655.13385727
2025-02-26,6599.474778,2,2,4091.462516,5318.043864984285
2025-02-27,5913.0168658,2,3,6599.474778,5450.010551455714
2025-02-28,9507.5279035,2,4,5913.0168658,6265.569001501429
2025-03-01,9317.0822815,3,5,9507.5279035,6465.466533372857
2025-03-02,9348.3050966,3,6,9317.0822815,6900.00964653
2025-03-03,8044.498559,3,0,9348.3050966,7545.909714342857
2025-03-04,8078.00855,3,1,8044.498559,8115.416290628571
2025-03-05,9882.810952,3,2,8078.00855,8584.464315485715
2025-03-06,6284.783179,3,3,9882.810952,8637.573788799999
2025-03-07,5547.2879179,3,4,6284.783179,8071.8252194285715
2025-03-08,4678.2798045,3,5,5547.2879179,7409.139151285714
2025-03-09,4369.95684482,3,6,4678.2798045,6697.946543888572
2025-03-10,8207.4647486,3,0,4369.95684482,6721.227428117142
2025-03-11,7634.859672,3,1,8207.4647486,6657.920445545714
2025-03-12,7469.9673748,3,2,7634.859672,6313.2285059457145
2025-03-13,24010.8112548,3,3,7469.9673748,8845.518231060001
2025-03-14,14834.698933,3,4,24010.8112548,10172.291233217142
2025-03-15,15326.7678906,3,5,14834.698933,11693.503816945715
2025-03-16,14798.554084,3,6,15326.7678906,13183.303422542858
2025-03-17,11832.98386331,3,0,14798.554084,13701.234724644284
2025-03-18,21939.29953915,3,1,11832.98386331,15744.726134237144
2025-03-19,13414.78692,3,2,21939.29953915,16593.986069265717
2025-03-20,6749.8497086200005,3,3,13414.78692,14128.134419811428
2025-03-21,11706.6829863,3,4,6749.8497086200005,13681.274998854287
2025-03-22,10777.136412,3,5,11706.6829863,13031.32764476857
2025-03-23,8673.5526214,3,6,10777.136412,12156.327435825715
2025-03-24,4923.4464992,3,0,8673.5526214,11169.250669524288
2025-03-25,5168.8967544,3,1,4923.4464992,8773.478843131428
2025-03-26,4176.1765022,3,2,5168.8967544,7453.677354874286
2025-03-27,3262.10051,3,3,4176.1765022,6955.427469357143
2025-03-28,10483.234283,3,4,3262.10051,6780.649083171428
2025-03-29,4228.452967,3,5,10483.234283,5845.1228767428565
2025-03-30,5780.4166326,3,6,4228.452967,5431.817735485715
2025-03-31,5761.340697000001,3,0,5780.4166326,5551.516906600001
2025-04-01,25783.266044500004,4,1,5761.340697000001,8496.426805185716
2025-04-02,12162.870258,4,2,25783.266044500004,9637.383056014287
2025-04-03,8064.038233,4,3,12162.870258,10323.374159300001
2025-04-04,6701.05534,4,4,8064.038233,9783.062881728572
2025-04-05,6368.644631,4,5,6701.05534,10088.804548014288
2025-04-06,7146.2113619,4,6,6368.644631,10283.91808077143
2025-04-07,5389.9731205,4,0,7146.2113619,10230.86556984286
2025-04-08,3310.968944,4,1,5389.9731205,7020.537412628572
2025-04-09,4512.78377908,4,2,3310.968944,5927.6679156400005
2025-04-10,39443.9777857,4,3,4512.78377908,10410.516423168572
2025-04-11,16487.542145,4,4,39443.9777857,11808.585966739998
2025-04-12,13956.370796,4,5,16487.542145,12892.546847454285
2025-04-13,13255.751127,4,6,13956.370796,13765.33824246857
2025-04-14,25447.1115265,4,0,13255.751127,16630.64372904
2025-04-15,19507.5915175,4,1,25447.1115265,18944.446953825714
2025-04-16,7610.8001324,4,2,19507.5915175,19387.020718585718
2025-04-17,8147.189346,4,3,7610.8001324,14916.050941485717
2025-04-18,5368.937503,4,4,8147.189346,13327.678849771428
2025-04-19,4366.895858,4,5,5368.937503,11957.753858628572
2025-04-20,6627.760762,4,6,4366.895858,11010.8980922
2025-04-21,6451.5202500000005,4,0,6627.760762,8297.242195557143
2025-04-22,29116.8274446,4,1,6451.5202500000005,9669.990185142857
2025-04-23,17282.2827734,4,2,29116.8274446,11051.630562428572
2025-04-24,20602.09008442,4,3,17282.2827734,12830.902096488571
2025-04-25,18674.204929,4,4,20602.09008442,14731.654585917144
2025-04-26,21916.2060841,4,5,18674.204929,17238.69890393143
2025-04-27,19204.47320739,4,6,21916.2060841,19035.372110415716
2025-04-28,17140.754517999998,4,0,19204.47320739,20562.405577272853
2025-04-29,15744.0708246,4,1,17140.754517999998,18652.011774415714
2025-04-30,19042.7038132,4,2,15744.0708246,18903.500494387143
2025-05-01,8924.8388572,5,3,19042.7038132,17235.32174764143
2025-05-02,7393.123002,5,4,8924.8388572,15623.738615212858
2025-05-03,7182.12447,5,5,7393.123002,13518.869813198571
2025-05-04,10881.5879696,5,6,7182.12447,12329.8862078
2025-05-05,10498.72910451,5,0,10881.5879696,11381.025434444284
2025-05-06,6654.782084,5,1,10498.72910451,10082.55561435857
2025-05-07,5227.747057510001,5,2,6654.782084,8108.990363545714
2025-05-08,43670.89091101,5,3,5227.747057510001,13072.71208551857
2025-05-09,25597.4734914,5,4,43670.89091101,15673.333584004286
2025-05-10,19279.2526767,5,5,25597.4734914,17401.49475639
2025-05-11,13288.82759069,5,6,19279.2526767,17745.38613083143
2025-05-12,12917.41266148,5,0,13288.82759069,18090.912353255713
2025-05-13,14623.1037332,5,1,12917.41266148,19229.244017427143
2025-05-14,56133.58394652,5,2,14623.1037332,26501.506430142857
2025-05-15,38140.7844055,5,3,56133.58394652,25711.49121507
2025-05-16,20647.124224,5,4,38140.7844055,25004.298462584287
2025-05-17,21628.2884993,5,5,20647.124224,25339.87500867
2025-05-18,16482.0173465,5,6,21628.2884993,25796.044973785716
2025-05-19,13979.2801673,5,0,16482.0173465,25947.740331759996
2025-05-20,11928.879446,5,1,13979.2801673,25562.851147874284
2025-05-21,11188.8273802,5,2,11928.879446,19142.1716384
2025-05-22,8988.056972,5,3,11188.8273802,14977.496290757143
2025-05-23,5927.2331362,5,4,8988.056972,12874.654706785715
2025-05-24,4793.189024,5,5,5927.2331362,10469.64049602857
2025-05-25,3430.766479,5,6,4793.189024,8605.176086385714
2025-05-26,3288.282033,5,0,3430.766479,7077.890638628572
2025-05-27,2246.034611,5,1,3288.282033,5694.627090771429
2025-05-28,3628.940969,5,2,2246.034611,4614.643317742857
2025-05-29,3009.7086735,5,3,3628.940969,3760.593560814286
2025-05-30,3618.32182623,5,4,3009.7086735,3430.7490879614284
2025-05-31,2951.2593998,5,5,3618.32182623,3167.616284504286
2025-06-01,5850.0102828,6,6,2951.2593998,3513.2225421900002
2025-06-02,2575.1939828,6,0,5850.0102828,3411.3528207328573
2025-06-03,7438.6134874,6,1,2575.1939828,4153.149803075715
2025-06-04,3703.6179215,6,2,7438.6134874,4163.817939147143
2025-06-05,3245.5490463,6,3,3703.6179215,4197.509420975714
2025-06-06,4931.5852842,6,4,3245.5490463,4385.118486400001
2025-06-07,4135.6770196,6,5,4931.5852842,4554.321003514286
2025-06-08,2519.6940103,6,6,4135.6770196,4078.561536014285
2025-06-09,4349.2905125,6,0,2519.6940103,4332.0038974
2025-06-10,2873.28372,6,1,4349.2905125,3679.813930628571
2025-06-11,2973.780661,6,2,2873.28372,3575.551464842857
2025-06-12,3751.7309585,6,3,2973.780661,3647.863166585714
2025-06-13,8341.008292400002,6,4,3751.7309585,4134.923596328571
2025-06-14,5625.777359,6,5,8341.008292400002,4347.795073385714
2025-06-15,4657.593594,6,6,5625.777359,4653.209299628572
2025-06-16,3069.9809871,6,0,4657.593594,4470.450796
2025-06-17,5675.2377806,6,1,3069.9809871,4870.729947514286
2025-06-18,3478.5848035,6,2,5675.2377806,4942.844825014286
2025-06-19,2613.51989637,6,3,3478.5848035,4780.24324471
2025-06-20,2354.1993256,6,4,2613.51989637,3924.9848208814287
2025-06-21,3341.256572,6,5,2354.1993256,3598.6247084528572
2025-06-22,3889.785334,6,6,3341.256572,3488.9378141671427
2025-06-23,4432.53125,6,0,3889.785334,3683.5878517242854
2025-06-24,4804.3333103,6,1,4432.53125,3559.1729273957144
2025-06-25,4898.31536808,6,2,4804.3333103,3761.991579478571
2025-06-26,4968.1563468,6,3,4898.31536808,4098.368215254286
2025-06-27,3102.5915,6,4,4968.1563468,4205.281383025714
2025-06-28,4925.209870000001,6,5,3102.5915,4431.560425597143
2025-06-29,4168.910155,6,6,4925.209870000001,4471.435400025714
2025-06-30,4217.10917748,6,0,4168.910155,4440.660818237143
2025-07-01,3220.86541415,7,1,4217.10917748,4214.451118787142
2025-07-02,5013.23800975,7,2,3220.86541415,4230.868639025714
2025-07-03,4401.732742,7,3,5013.23800975,4149.950981197143
2025-07-04,5056.07363692,7,4,4401.732742,4429.0198579
2025-07-05,5741.75345,7,5,5056.07363692,4545.668940757143
2025-07-06,7114.510763,7,6,5741.75345,4966.469027614286
2025-07-07,5544.8117444,7,0,7114.510763,5156.140822888571
2025-07-08,3378.152198,7,1,5544.8117444,5178.610363438572
2025-07-09,4341.25334658,7,2,3378.152198,5082.612554414285
2025-07-10,2772.231615,7,3,4341.25334658,4849.826679128571
2025-07-11,2992.526386,7,4,2772.231615,4555.034214711429
2025-07-12,6097.0141005,7,5,2992.526386,4605.785736211428
2025-07-13,3716.9116367,7,6,6097.0141005,4120.414432454286
2025-07-14,4647.363045,7,0,3716.9116367,3992.207475397143
2025-07-15,3458.543909,7,1,4647.363045,4003.69200554
2025-07-16,7863.2349854,7,2,3458.543909,4506.832239657143
2025-07-17,3615.084166,7,3,7863.2349854,4627.239746942857
2025-07-18,4281.915228,7,4,3615.084166,4811.4381529428565
2025-07-19,5194.812728,7,5,4281.915228,4682.552242585714
2025-07-20,5493.673059000001,7,6,5194.812728,4936.375302914285
2025-07-21,4923.88435,7,0,5493.673059000001,4975.878346485714
2025-07-22,5389.29954,7,1,4923.88435,5251.700579485715
2025-07-23,4971.0343124,7,2,5389.29954,4838.529054771429
2025-07-24,4077.405545,7,3,4971.0343124,4904.574966057144
2025-07-25,3764.2246486,7,4,4077.405545,4830.619169
2025-07-26,2478.9826298,7,5,3764.2246486,4442.643440685714
2025-07-27,12914.174989,7,6,2478.9826298,5502.715144971428
2025-07-28,4319.1535214,7,0,12914.174989,5416.3250266000005
2025-07-29,7416.730119,7,1,4319.1535214,5705.957966457142
2025-07-30,4208.5223446,7,2,7416.730119,5597.027685342857
2025-07-31,5242.34972171,7,3,4208.5223446,5763.448282015714
2025-08-01,2770.4660712,8,4,5242.34972171,5621.482770958572
2025-08-02,3328.0718104,8,5,2770.4660712,5742.78122533
2025-08-03,6343.055886,8,6,3328.0718104,4804.049924901429
2025-08-04,4652.3337464,8,0,6343.055886,4851.647099901428
2025-08-05,4238.310985,8,1,4652.3337464,4397.587223615715
2025-08-06,4257.15516,8,2,4238.310985,4404.534768672857
2025-08-07,3371.0083344,8,3,4257.15516,4137.200284771429
2025-08-08,2724.202294,8,4,3371.0083344,4130.591173742857
2025-08-09,13888.33644,8,5,2724.202294,5639.200406542856
2025-08-10,6541.587629,8,6,13888.33644,5667.562084114285
2025-08-11,3620.3110096,8,0,6541.587629,5520.130264571429
2025-08-12,5039.110478,8,1,3620.3110096,5634.530192142857
2025-08-13,4696.583031,8,2,5039.110478,5697.305602285714
2025-08-14,3058.146313,8,3,4696.583031,5652.6110278
2025-08-15,3831.8750676,8,4,3058.146313,5810.8499954571425
2025-08-16,5479.8378618,8,5,3831.8750676,4609.635912857143
2025-08-17,5508.7154356,8,6,5479.8378618,4462.082742371429
2025-08-18,5194.7183256,8,0,5508.7154356,4686.998073228571
2025-08-19,4719.84943314,8,1,5194.7183256,4641.3893525342855
2025-08-20,4786.7220246,8,2,4719.84943314,4654.26635162
2025-08-21,3207.7291044,8,3,4786.7220246,4675.635321819999
2025-08-22,3560.0416573,8,4,3207.7291044,4636.801977491428
2025-08-23,5082.230819,8,5,3560.0416573,4580.000971377143
2025-08-24,6137.7019980000005,8,6,5082.230819,4669.856194577143
2025-08-25,5272.7448181,8,0,6137.7019980000005,4681.002836362857
2025-08-26,6114.460083,8,1,5272.7448181,4880.2329292
2025-08-27,3506.048033,8,2,6114.460083,4697.2795018285715
2025-08-28,1935.5852665,8,3,3506.048033,4515.544667842858
2025-08-29,4263.24959725,8,4,1935.5852665,4616.002944978572
2025-08-30,4100.6232296,8,5,4263.24959725,4475.773289350001
2025-08-31,5354.619464,8,6,4100.6232296,4363.904355921429
2025-09-01,7181.7462244,9,0,5354.619464,4636.618842535715
2025-09-02,7057.254272,9,1,7181.7462244,4771.303726678571
2025-09-03,4131.946559,9,2,7057.254272,4860.717801821428
2025-09-04,4668.98351,9,3,4131.946559,5251.203265178571
2025-09-05,6904.558511,9,4,4668.98351,5628.533109999999
2025-09-06,7031.324454,9,5,6904.558511,6047.204713485714
2025-09-07,6092.82306634,9,6,7031.324454,6152.6623709628575
2025-09-08,13009.41488103,9,0,6092.82306634,6985.186464767142
2025-09-09,5302.6990464,9,1,13009.41488103,6734.535718252856
2025-09-10,3281.176725,9,2,5302.6990464,6612.9971705385715
2025-09-11,5519.4427895,9,3,3281.176725,6734.491353324286
2025-09-12,5853.3076114,9,4,5519.4427895,6584.312653381428
2025-09-13,3624.8873316,9,5,5853.3076114,6097.678778752857
2025-09-14,4787.7232172,9,6,3624.8873316,5911.235943161429
2025-09-15,4157.9050706,9,0,4787.7232172,4646.734541671429
2025-09-16,5489.2775156200005,9,1,4157.9050706,4673.388608702857
2025-09-17,2798.396949,9,2,5489.2775156200005,4604.420069274286
2025-09-18,6725.169144,9,3,2798.396949,4776.666691345715
2025-09-19,5123.286334,9,4,6725.169144,4672.377937431428
2025-09-20,4489.8157465,9,5,5123.286334,4795.9391395600005
2025-09-21,4242.581870049999,9,6,4489.8157465,4718.061804252858
2025-09-22,8510.1668547,9,0,4242.581870049999,5339.813487695715
2025-09-23,5784.2149775,9,1,8510.1668547,5381.947410821428
2025-09-24,8497.82343449,9,2,5784.2149775,6196.151194462857
2025-09-25,7553.9798248,9,3,8497.82343449,6314.552720291429
2025-09-26,11229.672805,9,4,7553.9798248,7186.89364472
2025-09-27,10757.547276,9,5,11229.672805,8082.28386322
2025-09-28,14520.9654215,9,6,10757.547276,9550.62437057
2025-09-29,12328.52544355,9,0,14520.9654215,10096.104168977143
2025-09-30,10274.145014,9,1,12328.52544355,10737.52274562
2025-10-01,12080.9343735,10,2,10274.145014,11249.395736907143
2025-10-02,12047.087013,10,3,12080.9343735,11891.268192364285
2025-10-03,10541.1016864,10,4,12047.087013,11792.900889707144
2025-10-04,11628.0844926,10,5,10541.1016864,11917.263349221428
2025-10-05,8137.8534642,10,6,11628.0844926,11005.390212464286
2025-10-06,10383.601906,10,0,8137.8534642,10727.543992814286
2025-10-07,10020.4166147,10,1,10383.601906,10691.297078628571
2025-10-08,8104.2416384,10,2,10020.4166147,10123.198116471429
2025-10-09,10017.6011523,10,3,8104.2416384,9833.271564942857
2025-10-10,7295.20175682,10,4,10017.6011523,9369.571575002858
2025-10-11,9806.8791787,10,5,7295.20175682,9109.399387302858
2025-10-12,9761.71392232,10,6,9806.8791787,9341.379452748572
2025-10-13,14031.725376289998,10,0,9761.71392232,9862.539948504285
2025-10-14,9568.0118545,10,1,14031.725376289998,9797.910697047142
2025-10-15,2430.3534485,10,2,9568.0118545,8987.355241347143
2025-10-16,2196.0699,10,3,2430.3534485,7869.993633875715
2025-10-17,3923.618432,10,4,2196.0699,7388.338873187143
2025-10-18,4212.7180478,10,5,3923.618432,6589.172997344285
2025-10-19,6050.5670332,10,6,4212.7180478,6059.0091560414285
2025-10-20,5623.0960406,10,0,6050.5670332,4857.7763938
2025-10-21,6424.370795000001,10,1,5623.0960406,4408.684813871429
2025-10-22,5826.99077,10,2,6424.370795000001,4893.918716942857
2025-10-23,6359.92648,10,3,5826.99077,5488.755371228572
2025-10-24,4133.4273955,10,4,6359.92648,5518.7280803
2025-10-25,5668.567999999999,10,5,4133.4273955,5726.706644899999
2025-10-26,7513.461836,10,6,5668.567999999999,5935.691616728572
2025-10-27,7659.765091300001,10,0,7513.461836,6226.644338257143
2025-10-28,6305.36264977,10,1,7659.765091300001,6209.643174652857
2025-10-29,6536.13643978,10,2,6305.36264977,6310.949698907142
2025-10-30,9600.9901124,10,3,6536.13643978,6773.95878925
2025-10-31,11798.84936144,10,4,9600.9901124,7869.019070098571
2025-11-01,3255.75720461,11,5,11798.84936144,7524.331813614286
2025-11-02,3206.65584458,11,6,3255.75720461,6909.07381484
2025-11-03,3423.26478412,11,0,3206.65584458,6303.859485242858
2025-11-04,4198.8289796,11,1,3423.26478412,6002.92610379
2025-11-05,5153.16527702,11,2,4198.8289796,5805.358794824286
2025-11-06,8881.051151755,11,3,5153.16527702,5702.510371875001
2025-11-07,6025.57113232,11,4,8881.051151755,4877.7563391435715
2025-11-08,3709.30000684,11,5,6025.57113232,4942.5481680335715
2025-11-09,5577.22507706,11,6,3709.30000684,5281.200915530715
2025-11-10,9283.39794734,11,0,5577.22507706,6118.362795990714
2025-11-11,4786.6578283,11,1,9283.39794734,6202.338345805
2025-11-12,8303.47354621,11,2,4786.6578283,6652.382384260715
2025-11-13,14804.77451706,11,3,8303.47354621,7498.628579304285
2025-11-14,11741.31016754,11,4,14804.77451706,8315.162727192857
2025-11-15,5881.88265255,11,5,11741.31016754,8625.53167658
2025-11-16,10535.95140769,11,6,5881.88265255,9333.921152384284
2025-11-17,19992.91637337,11,0,10535.95140769,10863.852356102858
2025-11-18,11433.971518318,11,1,19992.91637337,11813.468597534
2025-11-19,9024.17422934,11,2,11433.971518318,11916.425837981142
2025-11-20,5946.1953737,11,3,9024.17422934,10650.914531786857
2025-11-21,8523.78765391,11,4,5946.1953737,10191.268458411143
2025-11-22,7017.73657582,11,5,8523.78765391,10353.53330459257
2025-11-23,11078.01635718,11,6,7017.73657582,10430.971154519715
2025-11-24,15731.74682909,11,0,11078.01635718,9822.232648194
2025-11-25,29397.12503265,11,1,15731.74682909,12388.397435955714
2025-11-26,42037.56850988,11,2,29397.12503265,17104.59661889
2025-11-27,57394.24592598,11,3,42037.56850988,24454.31812635857
2025-11-28,122293.98300197,11,4,57394.24592598,40707.20317608143
2025-11-29,89202.17233423001,11,5,122293.98300197,52447.83685585429
2025-11-30,105640.22280749,11,6,89202.17233423001,65956.72349161287
2025-12-01,137821.859112789,12,0,105640.22280749,83398.16810356987
2025-12-02,47401.95501704,12,1,137821.859112789,85970.28667276843
2025-12-03,177360.70734317,12,2,47401.95501704,105302.16364895272
2025-12-04,70819.85706162,12,3,177360.70734317,107220.1080969013
2025-12-05,57722.41259563,12,4,70819.85706162,97995.59803885272
2025-12-06,64848.53995927,12,5,57722.41259563,94516.50769957271
2025-12-07,62777.27113255,12,6,64848.53995927,88393.228888867
2025-12-08,61914.34747978,12,0,62777.27113255,77549.29865558
2025-12-09,222022.21541583,12,1,61914.34747978,102495.05014112142
2025-12-10,134426.865706568,12,2,222022.21541583,96361.64419303543
2025-12-11,72110.30830060001,12,3,134426.865706568,96545.99437003257
2025-12-12,66818.68780361,12,4,72110.30830060001,97845.46225688687
2025-12-13,64063.56623391,12,5,66818.68780361,97733.32315326399
2025-12-14,70112.58048693,12,6,64063.56623391,98781.224489604
2025-12-15,57569.94001524,12,0,70112.58048693,98160.59485181258
2025-12-16,65965.786745739,12,1,57569.94001524,75866.81932751385
2025-12-17,95091.46887242,12,2,65965.786745739,70247.47692263557
2025-12-18,50441.01317136,12,3,95091.46887242,67151.86333274413
2025-12-19,68022.28461577,12,4,50441.01317136,67323.80573448128
2025-12-20,38111.23721874,12,5,68022.28461577,63616.33016088557
2025-12-21,30808.530219873,12,6,38111.23721874,58001.46583702029
2025-12-22,17066.432814113,12,0,30808.530219873,52215.25052257356
2025-12-23,9356.7746488,12,1,17066.432814113,44128.24879443943
2025-12-24,8600.15565222,12,2,9356.7746488,31772.34690583943
2025-12-25,9830.38053967,12,3,8600.15565222,25970.82795845514
2025-12-26,8903.44567695,12,4,9830.38053967,17525.279538623716
2025-12-27,8398.209515370001,12,5,8903.44567695,13280.561295285142
2025-12-28,11918.1962402,12,6,8398.209515370001,10581.942155331857
2025-12-29,8530.102415522,12,0,11918.1962402,9362.466384104571
2025-12-30,8770.67073298,12,1,8530.102415522,9278.737253273142
2025-12-31,14914.77243907,12,2,8770.67073298,10180.825365680286
2026-01-01,13387.989750174,1,3,14914.77243907,10689.055252895141
2026-01-02,17418.7087093,1,4,13387.989750174,11905.521400373716
2026-01-03,21790.11914544,1,5,17418.7087093,13818.651347526571
2026-01-04,13348.39278597,1,6,21790.11914544,14022.965139779428
2026-01-05,10428.11592372,1,0,13348.39278597,14294.109926664856
2026-01-06,50479.536825984,1,1,10428.11592372,20252.51936852257
2026-01-07,9019.52750488,1,2,50479.536825984,19410.34152078114
2026-01-08,4955.85309153,1,3,9019.52750488,18205.750569546286
2026-01-09,4984.815543064,1,4,4955.85309153,16429.48011722686
2026-01-10,6861.86212656,1,5,4984.815543064,14296.871971672572
2026-01-11,3992.08321319,1,6,6861.86212656,12960.256318418285
2026-01-12,6692.94260293,1,0,3992.08321319,12426.660129734
2026-01-13,6829.41606581,1,1,6692.94260293,6190.928592566285
2026-01-14,6893.53526296,1,2,6829.41606581,5887.215415149142
2026-01-15,9672.82227284,1,3,6893.53526296,6561.068155336286
2026-01-16,10976.92774536,1,4,9672.82227284,7417.084184235714
2026-01-17,9154.48640124,1,5,10976.92774536,7744.601937761428
2026-01-18,6903.54041076,1,6,9154.48640124,8160.524394557142
2026-01-19,7243.50350853,1,0,6903.54041076,8239.1759525
2026-01-20,7367.491713869999,1,1,7243.50350853,8316.043902222857
2026-01-21,2238.8687965,1,2,7367.491713869999,7651.0915498714285
2026-01-22,3008.96527801,1,3,2238.8687965,6699.111979181428
2026-01-23,3660.62897477,1,4,3008.96527801,5653.926440525714
2026-01-24,3402.48941889,1,5,3660.62897477,4832.212585904285
2026-01-25,3763.38658968,1,6,3402.48941889,4383.619182892857
2026-01-26,2076.00205594,1,0,3763.38658968,3645.404689665714
2026-01-27,2606.9090535100004,1,1,2076.00205594,2965.3214524714285
2026-01-28,1620.72954673,1,2,2606.9090535100004,2877.0158453614285
2026-01-29,1867.20291802,1,3,1620.72954673,2713.9069367914285
2026-01-30,2550.86740966,1,4,1867.20291802,2555.3695703471426
2026-01-31,2229.49499856,1,5,2550.86740966,2387.798938871428
2026-02-01,3312.63857872,2,6,2229.49499856,2323.406365877143
2026-02-02,4057.69341668,2,0,3312.63857872,2606.505131697143
2026-02-03,6696.99143642,2,1,4057.69341668,3190.8026149700004
2026-02-04,4981.4390762,2,2,6696.99143642,3670.9039763228575
2026-02-05,22390.71022171,2,3,4981.4390762,6602.833591135714
2026-02-06,10263.97578421,2,4,22390.71022171,7704.706216071429
2026-02-07,11322.82860661,2,5,10263.97578421,9003.753874364285
2026-02-08,8094.04739113,2,6,11322.82860661,9686.812276137143
2026-02-09,28726.66749528,2,0,8094.04739113,13210.951430222858
2026-02-10,35117.78718812,2,1,28726.66749528,17271.065109037143
2026-02-11,18767.63746563,2,2,35117.78718812,19240.522021812856
2026-02-12,12463.7190538,2,3,18767.63746563,17822.380426397143
2026-02-13,7118.905090159999,2,4,12463.7190538,17373.08461296143
2026-02-14,11951.10592868,2,5,7118.905090159999,17462.838516114287
2026-02-15,12911.56257932,2,6,11951.10592868,18151.05497157
2026-02-16,13090.40709052,2,0,12911.56257932,15917.303485175713
2026-02-17,30626.00589957,2,1,13090.40709052,15275.620443954287
2026-02-18,26246.984742800003,2,2,30626.00589957,16344.098626407142
2026-02-19,12623.2477494,2,3,26246.984742800003,16366.888440064286
2026-02-20,10153.61883886,2,4,12623.2477494,16800.418975592856
2026-02-21,6777.37928065,2,5,10153.61883886,16061.315168731428
2026-02-22,3859.46022417,2,6,6777.37928065,14768.157689424286
2026-02-23,3621.90607336,2,0,3859.46022417,13415.514686972858
2026-02-24,2603.27476009,2,1,3621.90607336,9412.267381332858
2026-02-25,1364.28020213,2,2,2603.27476009,5857.595304094285
2026-02-26,4792.06615407,2,3,1364.28020213,4738.85507619
2026-02-27,5107.0671428900005,2,4,4792.06615407,4017.919119622857
2026-02-28,5484.08652622,2,5,5107.0671428900005,3833.163011847143
2026-03-01,8768.96022934,3,6,5484.08652622,4534.520155442858
2026-03-02,11851.03681447,3,0,8768.96022934,5710.1102613157145
2026-03-03,9191.84610412,3,1,11851.03681447,6651.334739034285
2026-03-04,5951.32642043,3,2,9191.84610412,7306.627055934287
2026-03-05,9142.00518594,3,3,5951.32642043,7928.04691763
2026-03-06,10248.91094146,3,4,9142.00518594,8662.596031711428
2026-03-07,14031.71584454,3,5,10248.91094146,9883.685934328572
2026-03-08,9785.75340005,3,6,14031.71584454,10028.942101572859
2026-03-09,8807.07628286,3,0,9785.75340005,9594.090597057144
2026-03-10,9436.60519714,3,1,8807.07628286,9629.056181774286
2026-03-11,6788.18136068,3,2,9436.60519714,9748.606887524287
2026-03-12,5077.90846165,3,3,6788.18136068,9168.021641197143
2026-03-13,13429.88452722,3,4,5077.90846165,9622.446439162857
2026-03-14,19486.75564185,3,5,13429.88452722,10401.737838778572
2026-03-15,15857.37658602,3,6,19486.75564185,11269.112579631428
2026-03-16,23207.7815293,3,0,15857.37658602,13326.356186265713
2026-03-17,23234.60214389,3,1,23207.7815293,15297.498607229998
2026-03-18,23924.77735258,3,2,23234.60214389,17745.58374893
2026-03-19,14720.74323107,3,3,23924.77735258,19123.131573132854
2026-03-20,13521.66457832,3,4,14720.74323107,19136.243009004284
2026-03-21,17133.5834965,3,5,13521.66457832,18800.07555966857
2026-03-22,12710.4429528,3,6,17133.5834965,18350.513612065715
2026-03-23,11592.06283113,3,0,12710.4429528,16691.125226612858
2026-03-24,13764.53679662,3,1,11592.06283113,15338.258748431428
2026-03-25,10166.44377289,3,2,13764.53679662,13372.782522761428
2026-03-26,8099.91226697,3,3,10166.44377289,12426.94952789
2026-03-27,14740.05032435,3,4,8099.91226697,12601.004634465715
2026-03-28,8248.08456609,3,5,14740.05032435,11331.647644407141
2026-03-29,7436.78846106,3,6,8248.08456609,10578.268431301429
2026-03-30,7312.92700686,3,0,7436.78846106,9966.963313548573
2026-03-31,8517.42656295,3,1,7312.92700686,9217.37613731
2026-04-01,6812.13616688,4,2,8517.42656295,8738.189336451429
2026-04-02,10129.03000575,4,3,6812.13616688,9028.063299134286
2026-04-03,7765.810287159999,4,4,10129.03000575,8031.743293821429
2026-04-04,4016.84143676,4,5,7765.810287159999,7427.279989631429
2026-04-05,5639.1124161200005,4,6,4016.84143676,7170.469126068571
2026-04-06,8768.96842612,4,0,5639.1124161200005,7378.4750431057155
2026-04-07,6735.33087433,4,1,8768.96842612,7123.889944731428
2026-04-08,8318.48785641,4,2,6735.33087433,7339.083043235715
2026-04-09,9625.977639545,4,3,8318.48785641,7267.218419492143
2026-04-10,6571.096832079999,4,4,9625.977639545,7096.545068766428
2026-04-11,9098.70551701,4,5,6571.096832079999,7822.525651659285
2026-04-12,11589.21347556,4,6,9098.70551701,8672.540088722142
2026-04-13,10623.594982115,4,0,11589.21347556,8937.486739578571
2026-04-14,13593.41448829,4,1,10623.594982115,9917.212970144286
2026-04-15,16165.72158212,4,2,13593.41448829,11038.24635953143
2026-04-16,16975.11738262,4,3,16165.72158212,12088.123465685
2026-04-17,11067.48785836,4,4,16975.11738262,12730.465040867857
2026-04-18,16025.17028545,4,5,11067.48785836,13719.960007787857
2026-04-19,22962.132525855,4,6,16025.17028545,15344.662729258573
2026-04-20,27187.237906264,4,0,22962.132525855,17710.89743270843
2026-04-21,20325.7428002,4,1,27187.237906264,18672.65862012414
2026-04-22,24177.89015067,4,2,20325.7428002,19817.254129917
2026-04-23,15910.1496932,4,3,24177.89015067,19665.115888571283
2026-04-24,12721.18838588,4,4,15910.1496932,19901.35882107414
2026-04-25,12382.86408061,4,5,12721.18838588,19381.029363239857
2026-04-26,17589.97683506,4,6,12382.86408061,18613.57855026914
2026-04-27,12210.49743381,4,0,17589.97683506,16474.044197061427
2026-04-28,7908.5195778,4,1,12210.49743381,14700.155165289998
2026-04-29,6920.41145378,4,2,7908.5195778,12234.801065734284
2026-04-30,9824.89455636,4,3,6920.41145378,11365.478903328572
2026-05-01,8149.07007444,5,4,9824.89455636,10712.319144551428
2026-05-02,5458.57191594,5,5,8149.07007444,9723.134549598572
2026-05-03,9288.99127855,5,6,5458.57191594,8537.279470097143
2026-05-04,8526.70232699,5,0,9288.99127855,8011.023026265714
2026-05-05,7877.49255143,5,1,8526.70232699,8006.590593927142
2026-05-06,10527.70458042,5,2,7877.49255143,8521.918183447142
2026-05-07,12828.73702336,5,3,10527.70458042,8951.038535875714
2026-05-08,15015.64722247,5,4,12828.73702336,9931.978128451428
2026-05-09,9350.92076166,5,5,15015.64722247,10488.027963554287
2026-05-10,10202.26995989,5,6,9350.92076166,10618.496346602857
2026-05-11,23078.55418778,5,0,10202.26995989,12697.332326715714
2026-05-12,23931.18583177,5,1,23078.55418778,14990.71708105
2026-05-13,15202.6043575,5,2,23931.18583177,15658.559906347144
2026-05-14,15645.03758864,5,3,15202.6043575,16060.88855853
2026-05-15,27735.58085324,5,4,15645.03758864,17878.021934354285
2026-05-16,12953.15023495,5,5,27735.58085324,18392.626144824288
2026-05-17,14531.64179371,5,6,12953.15023495,19011.10783537
2026-05-18,17338.63549596,5,0,14531.64179371,18191.119450824284
2026-05-19,10468.31534211,5,1,17338.63549596,16267.852238015714
2026-05-20,9546.76355102,5,2,10468.31534211,15459.874979947142
2026-05-21,13181.01007224,5,3,9546.76355102,15107.871049032856
2026-05-22,10791.00887499,5,4,13181.01007224,12687.217909282857
2026-05-23,19383.83465103,5,5,10791.00887499,13605.88711158
2026-05-24,10142.58622015,5,6,19383.83465103,12978.879172500001
2026-05-25,11993.45231152,5,0,10142.58622015,12215.281574722858
2026-05-26,5428.94024768,5,1,11993.45231152,11495.370846947144
2026-05-27,8503.0145293,5,2,5428.94024768,11346.263843844285
2026-05-28,8034.94661052,5,3,8503.0145293,10611.111920741429
2026-05-29,7465.49536925,5,4,8034.94661052,10136.03856277857
2026-05-30,7253.777373249999,5,5,7465.49536925,8403.173237381428
2026-05-31,7041.675,5,6,7253.777373249999,7960.185920217143
2026-06-01,4912.17447155,6,0,7041.675,6948.5748002214295
2026-06-02,5826.50008486,6,1,4912.17447155,7005.369062675714
2026-06-03,2554.18279502,6,2,5826.50008486,6155.535957778571
2026-06-04,2375.4749112,6,3,2554.18279502,5347.040000732857
2026-06-05,84.05000000000001,6,4,2375.4749112,4292.547805125714
